發布時間(UTC),編號,threads_id
2026-09-23 10:53,003,18129315232813104
2026-09-24 11:18,001,18104107163190288
2026-09-24 23:46,004,18115433101821769
2026-09-24 23:53,004,18335653540259487
2026-09-25 04:32,005,18076119383406060
2026-09-25 22:03,006,17978570211104841
2026-09-26 01:52,006,18375271552240422
2026-09-26 04:46,000,18113171204030116
2026-09-26 09:02,007,17974700105935064
2026-09-26 13:33,008,18127475929792875
2026-09-26 18:03,009,17971601469138700
2026-09-26 22:36,010,18070854398729406
2026-09-27 03:03,012,17908904877519701
2026-09-27 07:37,013,18098901746270106
2026-09-27 12:08,014,18039386897832960
2026-09-27 16:34,015,18092950493367977
2026-09-27 21:04,016,17921027463439116
2026-09-28 01:37,017,18104568569343284
2026-09-28 06:11,018,18011371763975930
2026-09-28 10:36,019,17934153735402094
2026-09-28 15:04,020,18074223668460598
2026-09-28 19:37,021,18095393168208296
2026-09-29 00:04,022,18105175373523551
2026-09-29 04:33,023,18144178372576078
2026-09-29 09:03,024,17974108662133618
2026-09-29 13:34,025,18469193800136651
2026-09-29 18:03,026,18040878515834891
2026-09-29 22:36,027,17952035208277743
2026-09-30 03:03,028,18132575773752703
2026-09-30 07:35,029,18092233367441012
2026-09-30 12:05,030,17950186653300333
2026-09-30 16:37,031,18027563009886797
2026-09-30 21:35,032,17918887710244547
2026-10-02 09:55,033,18490057552128573
2026-10-02 14:08,034,17949085548297226
2026-10-02 18:37,035,18412474489085686
2026-10-02 23:03,036,18029888780681519
2026-10-03 03:33,037,18112759562142627
2026-10-03 08:09,038,18419793388153496
2026-10-03 12:31,039,18121781074963796
2026-10-03 17:02,040,18128201110696006
2026-10-03 21:32,041,17909337684476752
2026-10-04 02:06,042,17864982132676931
2026-10-04 07:02,043,18131000158688920
2026-10-04 11:33,044,18117502126991870
2026-10-04 16:03,045,18115051564900916
2026-10-04 20:31,046,18118054345900574
2026-10-05 01:03,047,17905939590565706
2026-10-05 05:32,048,18101820242330597
2026-10-05 10:35,049,18157358176506345
2026-10-05 15:03,050,18153657778521544
2026-10-05 19:34,052,17986923192096173
2026-10-06 00:02,053,18262713574307656
2026-10-06 04:32,054,18113237548854415
